affinity,rmsd_lb,rmsd_ub
0,0,0
0.03617,7.708,11.08
0.03991,5.155,7.247
0.04394,5.706,8.492
0.0442,3.102,5.8
0.04725,8.866,11.83
0.0521,4.099,6.306
0.06907,8.408,11.48
0.09538,3.97,8.085
