affinity,rmsd_lb,rmsd_ub
0,0,0
0.0001899,7.665,9.762
0.0002564,13.32,15.18
0.0004465,7.586,9.887
0.0007987,7.901,10.59
0.0008361,9.928,11.86
0.001418,7.66,9.945
0.001631,3.359,5.107
0.001698,7.424,9.547
