affinity,rmsd_lb,rmsd_ub
0,0,0
0,9.166,11.36
1.18e-08,5.187,8.561
1.18e-08,5.922,8.931
1.18e-08,7.895,11.05
0.0005357,7.002,10
0.0005357,6.839,9.672
0.0005357,3.08,3.795
0.0005357,5.363,7.538
