affinity,rmsd_lb,rmsd_ub
0,0,0
0.001778,5.152,8.981
0.001974,8.218,9.983
0.001977,10.91,14.03
0.002021,6.263,7.676
0.002025,7.733,11.35
0.002034,3.84,5.75
0.002039,7.679,11.43
0.002115,3.823,6.805
