affinity,rmsd_lb,rmsd_ub
0,0,0
5.692e-05,13.05,14.62
0.0001272,13.83,15.21
0.0002,10.61,12.37
0.002205,10.49,12.58
0.002314,6.339,8.775
0.002339,14.85,16.73
0.002421,8.48,11.46
0.002859,6.696,7.535
