affinity,rmsd_lb,rmsd_ub
0,0,0
9.438e-05,5.702,9.707
0.0001135,9.213,12.32
0.000144,10.5,12.98
0.0001999,12.22,14.41
0.0002003,3.926,6.931
0.0002569,3.257,8.286
0.001422,6.28,10.02
0.001574,8.869,10.82
