affinity,rmsd_lb,rmsd_ub
0,0,0
0.0007489,11.57,13.99
0.001146,11.61,14.41
0.001397,10.38,11.82
0.002107,12.39,15.84
0.002382,7.272,10.16
0.002512,8.611,11.8
0.002866,5.121,7.561
0.00299,6.674,9.101
