affinity,rmsd_lb,rmsd_ub
0,0,0
0.0008777,15.25,17.29
0.001434,5.028,8.642
0.001905,12.32,14.59
0.002026,6.331,9.361
0.002337,10.84,13.4
0.002683,4.483,8.092
0.003103,6.796,8.921
0.003238,3.177,5.793
