affinity,rmsd_lb,rmsd_ub
0,0,0
0.002596,6.997,9.651
0.005188,6.788,10.43
0.005232,6.399,9.994
0.00553,6.153,8.914
0.008242,6.382,8.766
0.009071,4.946,7.978
0.0158,11.05,12.99
0.01656,7.307,11.57
