affinity,rmsd_lb,rmsd_ub
0,0,0
0.001191,9.52,12.73
0.001441,5.353,9.678
0.001802,7.009,9.948
0.001984,4.306,9.191
0.003412,10.31,13.82
0.004825,9.318,10.95
0.005318,9.428,13.03
0.007058,9.108,11.33
