affinity,rmsd_lb,rmsd_ub
0,0,0
0.00264,2.012,2.517
0.008521,7.49,10.92
0.01815,9.409,12.68
0.01915,7.901,10.42
0.02038,14.65,16.75
0.02103,5.996,9.198
0.02109,9.408,12.07
0.02771,4.52,5.919
