affinity,rmsd_lb,rmsd_ub
0,0,0
0.05327,7.631,9.601
0.0648,8.738,11.37
0.0655,6.241,8.198
0.07035,7.398,10.81
0.07467,8.463,10.73
0.08345,9.06,12.29
0.0878,8.78,11.56
0.09248,7.272,9.478
