affinity,rmsd_lb,rmsd_ub
0,0,0
0.0001489,5.901,8.512
0.000422,8.492,11.09
0.0004709,7.479,9.501
0.0007572,12.93,15.71
0.0008748,10.12,12.69
0.0008749,4.624,6.978
0.00105,14,16.5
0.003396,3.573,7.455
