affinity,rmsd_lb,rmsd_ub
0,0,0
0.0003293,10.39,11.63
0.0003671,10.17,12.88
0.0005875,13.15,15.07
0.000629,7.1,8.776
0.0009356,15,17.56
0.0009873,12.18,14.48
0.001157,11.17,14.26
0.001543,12.46,14.82
