affinity,rmsd_lb,rmsd_ub
0,0,0
2.546e-05,11.73,14.98
5.566e-05,8.887,11.23
0.0003841,13.01,16.12
0.001421,18.27,19.79
0.001603,10.13,12.88
0.002312,13.3,15.41
0.006501,5.868,7.864
0.007337,10.16,12.67
